{
  "apis": [
    {
      "godaddy": {
        "api": "3mM44WkB24k3LN_Gsx3EHJtGPNPB3LeqETg3o",
        "secret": "2Wj4rs4qzmVnGgPpYQfHg9",
        "firstName": "Irfan",
        "lastName": "Habib Choudhury",
        "middleName": "",
        "address1": "Sundarpur",
        "address2": "Angina Kumarganj",
        "city": "South Dinajpur",
        "country": "IN",
        "postalCode": "733141",
        "state": "West Bengal",
        "email": "neelhabib@gmail.com",
        "org": "Irfan Habib Choudhury",
        "phone": "+44.123 456 789",
        "ns1": "ns1.digitalocean.com",
        "ns2": "ns2.digitalocean.com"
      }
    },
    {
      "nameCheap": {
        "api": "c2a4b598e31f416a99e6fb9181fbd2cf",
        "userName": "neelhabib",
        "clientIp": "223.233.21.196",
        "firstName": "Irfan",
        "lastName": "Habib Choudhury",
        "address1": "Sundarpur",
        "city": "South Dinajpur",
        "country": "India",
        "postalCode": "733141",
        "state": "West Bengal",
        "email": "neelhabib@gmail.com",
        "org": "Irfan Habib Choudhury",
        "phone": "+1.6613102107"
      }
    },
    {
      "dynadot": {
        "api": "9F8y639W7M6P8l7chFy8sLy6y7f7CE9G8AY9UQE"
      }
    },
    {
      "nameSilo": {
        "api": "ea7a02c6f07e6c2d36fa14c"
      }
    },
    {
      "spaceShip": {
        "api": "kELSYKtcFijBzbl8ahOZ",
        "secret": "J2401MQLkgh56CP9o37CaI9wvHLHDjIwi3pNgDrz501CzGwYTgoK2D2bgjOrFPi7"
      }
    }
  ]
}